{
  "minecraft:entity": {
    "format_version": "1.2.0",

    "component_groups": {
     "minecraft:rabbit_baby": {
        "minecraft:is_baby": {
           }
        },
    "minecraft:rabbit_adult": {
        "minecraft:is_adult": {
           }
        },
      "minecraft:rabbit_leashed": {
        "minecraft:behavior.move_towards_restriction": {
          "priority": 2,
          "speed_multiplier": 1.0
        }
      },

      "coat_brown": {
        "minecraft:variant": { "value": 0 }
      },
      "coat_white": {
        "minecraft:variant": { "value": 1 }
      },
      "coat_black": {
        "minecraft:variant": { "value": 2 }
      },
      "coat_splotched": {
        "minecraft:variant": { "value": 3 }
      },
      "coat_desert": {
        "minecraft:variant": { "value": 4 }
      },
      "coat_salt": {
        "minecraft:variant": { "value": 5 }
      }

    },

    "components": {
      "minecraft:identifier": {
        "id": "minecraft:rabbit"
      },

      "minecraft:type_family": {
        "family":["futsal_ball"]
      },
      
      "minecraft:breathable": {
        "totalSupply": 15,
        "suffocateTime": 0
      },
      "minecraft:nameable": {
      },

      "minecraft:health": {
        "value": 300,
        "max": 300
      },
      "minecraft:scale": {
        "value": 0.45
        },
      "minecraft:collision_box": {
        "width": 1.1,
        "height": 1.1
      },
      "minecraft:movement": {
        "value": 0.0
      },
      "minecraft:navigation.walk": {
        "can_float": true,
        "avoid_water": true
      },
      "minecraft:movement.skip": {
      },
      "minecraft:jump.dynamic": {
      },
 
      "minecraft:leashable": {
        "soft_distance": 4.0,
        "hard_distance": 6.0,
        "max_distance":  10.0,
        "on_leash": {
          "event": "leash",
          "target": "self"
        },
        "on_unleash": {
          "event": "unleash",
          "target": "self"
        }
      },
        "minecraft:behavior.controlled_by_player": {
          "priority": 0
        },
        "minecraft:behavior.float": {
          "priority": 0
        },
	    "minecraft:physics": {
      }
    },

 "events": {

      "in_desert": { "add": { "component_groups": [ "coat_desert" ] } },

      "in_snow": {
        "randomize": [
          {
            "weight": 80,
            "add": { "component_groups": [ "coat_white" ] }
          },
          {
            "weight": 20,
            "add": { "component_groups": [ "coat_splotched" ] }
          }
        ]
      },

      "minecraft:entity_spawned": {
        "sequence": [
          {
            "randomize": [
              {
                "weight": 3,
                "add": { "component_groups": [ "adult" ] }
              },
              {
                "weight": 1,
                "add": { "component_groups": [ "baby" ] }
              }
            ]
          },
          {
            "filters": { "test" :  "has_component", "operator": "!=", "value" :  "minecraft:variant"},
            "randomize": [
     {
                "weight": 50,
                "add": { "component_groups": [ "coat_desert" ] }
              },
       {
                "weight": 80,
                "add": { "component_groups": [ "coat_white" ] }
              },
              {
                "weight": 25,
                "add": { "component_groups": [ "coat_splotched" ] }
              },
              {
                "weight": 50,
                "add": { "component_groups": [ "coat_brown" ] }
              },
              {
                "weight": 40,
                "add": { "component_groups": [ "coat_black" ] }
              },
              {
                "weight": 10,
                "add": { "component_groups": [ "coat_salt" ] }
              }
            ]
          },
  {
            "filters": { "test": "is_biome", "value": desert },
            "randomize": [
              {
                "weight": 50,
                "add": { "component_groups": [ "coat_desert" ] }
              },
       {
                "weight": 80,
                "add": { "component_groups": [ "coat_white" ] }
              },
              {
                "weight": 25,
                "add": { "component_groups": [ "coat_splotched" ] }
              },
              {
                "weight": 50,
                "add": { "component_groups": [ "coat_brown" ] }
              },
              {
                "weight": 40,
                "add": { "component_groups": [ "coat_black" ] }
              },
              {
                "weight": 10,
                "add": { "component_groups": [ "coat_salt" ] }
              }
            ]
          },
          {
            "filters": { "test": "is_snow_covered", "value": true },
            "randomize": [
              {
                "weight": 50,
                "add": { "component_groups": [ "coat_desert" ] }
              },
       {
                "weight": 80,
                "add": { "component_groups": [ "coat_white" ] }
              },
              {
                "weight": 25,
                "add": { "component_groups": [ "coat_splotched" ] }
              },
              {
                "weight": 50,
                "add": { "component_groups": [ "coat_brown" ] }
              },
              {
                "weight": 40,
                "add": { "component_groups": [ "coat_black" ] }
              },
              {
                "weight": 10,
                "add": { "component_groups": [ "coat_salt" ] }
              }
            ]
          }
        ]
      },

      "minecraft:entity_born": {
        "sequence": [
          { "add": { "component_groups": [ "baby" ] } },
          {
            "filters": { "test" :  "has_component", "operator": "!=", "value" :  "minecraft:variant"},
            "randomize": [
              {
                "weight": 50,
                "add": { "component_groups": [ "coat_brown" ] }
              },
              {
                "weight": 40,
                "add": { "component_groups": [ "coat_black" ] }
              },
              {
                "weight": 10,
                "add": { "component_groups": [ "coat_salt" ] }
              }
            ]
          },
          {
            "filters": { "test": "is_biome", "value": "desert" },
            "add": { "component_groups": [ "coat_desert" ] }
          },
          {
            "filters": { "test": "is_snow_covered", "value": true },
            "randomize": [
              {
                "weight": 80,
                "add": { "component_groups": [ "coat_white" ] }
              },
              {
                "weight": 25,
                "add": { "component_groups": [ "coat_splotched" ] }
              }
            ]
          }
        ]
      },

      "grow_up": {
        "remove": { "component_groups": [ "baby" ] },
        "add": { "component_groups": [ "adult" ] }
      },

      "leash": {
        "add": { "component_groups": [ "minecraft:rabbit_leashed" ] }
      },

      "unleash": {
        "remove": { "component_groups": [ "minecraft:rabbit_leashed" ] }
      }
    }
  }
}
