{
  "minecraft:entity": {
    "format_version": "1.2.0",

    "component_groups": {
    },

    "components": {
      "minecraft:identifier": {
        "id": "minecraft:endermite"
      },
      "minecraft:type_family": {
        "family": [ "endermite", "inanimate" ]
      },
      "minecraft:scale": {
          "value":3.0
        },
      "minecraft:collision_box": {
        "width": 0.6,
        "height": 0.5
      },
      "minecraft:health": {
        "value": 10,
        "max": 10
      },
      "minecraft:loot": {
        "table": "loot_tables/entities/endermite.json"
      },
      "minecraft:nameable": {
        "alwaysShow":true
      },
      "minecraft:breathable": {
        "totalSupply": 15,
        "suffocateTime": 0
       },
      "minecraft:movement": {
        "value": 0
      },
      "minecraft:navigation.walk": {
        "can_float": false,
        "avoid_water": false
       },
      "minecraft:physics": {
      }
    },
       "minecraft:leashable": {
        "soft_distance": 4.0,
        "hard_distance": 6.0,
        "max_distance":  10.0,
        "on_leash": {
          "event": "leash",
          "target": "self"
        },
        "on_unleash": {
          "event": "unleash",
          "target": "self"
        }
      },

    "events": {
    }
  }
}