{
	"geometry.rabbit": {
		"texturewidth": 64,
		"textureheight": 64,
		"bones": [
			{
				"name": "body",
				"pivot": [0, 5, 8],
				"rotation": [0, 0, 0],
				"mirror": true,
				"cubes": [
					{
						"origin": [-5, 0, -5],
						"size": [10, 1, 10],
						"uv": [0, 53]
					},
					{
						"origin": [5, 1, -5],
						"size": [1, 1, 10],
						"uv": [12, 25],
						"mirror": false
					},
					{
						"origin": [-5, 16, 5],
						"size": [10, 1, 1],
						"uv": [42, 29],
						"mirror": false
					},
					{
						"origin": [-5, 1, -6],
						"size": [10, 1, 1],
						"uv": [0, 49],
						"mirror": false
					},
					{
						"origin": [-6, 1, -5],
						"size": [1, 1, 10],
						"uv": [12, 25],
						"mirror": false
					},
					{
						"origin": [-7, 2, -5],
						"size": [1, 1, 10],
						"uv": [0, 27],
						"mirror": false
					},
					{
						"origin": [-5, 2, 6],
						"size": [10, 1, 1],
						"uv": [0, 51],
						"mirror": false
					},
					{
						"origin": [-6, 2, 5],
						"size": [1, 1, 1],
						"uv": [55, 39],
						"mirror": false
					},
					{
						"origin": [5, 2, 5],
						"size": [1, 1, 1],
						"uv": [55, 39],
						"mirror": false
					},
					{
						"origin": [6, 2, -5],
						"size": [1, 1, 10],
						"uv": [0, 27],
						"mirror": false
					},
					{
						"origin": [-6, 2, -6],
						"size": [1, 1, 1],
						"uv": [55, 39],
						"mirror": false
					},
					{
						"origin": [5, 2, -6],
						"size": [1, 1, 1],
						"uv": [55, 39],
						"mirror": false
					},
					{
						"origin": [-5, 2, -7],
						"size": [10, 1, 1],
						"uv": [0, 51],
						"mirror": false
					},
					{
						"origin": [-8, 3, -5],
						"size": [1, 1, 10],
						"uv": [0, 38],
						"mirror": false
					},
					{
						"origin": [-5, 3, 7],
						"size": [10, 1, 1],
						"uv": [42, 4],
						"mirror": false
					},
					{
						"origin": [-6, 3, 6],
						"size": [1, 1, 1],
						"uv": [55, 39],
						"mirror": false
					},
					{
						"origin": [-7, 3, 5],
						"size": [1, 1, 1],
						"uv": [55, 39],
						"mirror": false
					},
					{
						"origin": [-7, 3, -6],
						"size": [1, 1, 1],
						"uv": [55, 39],
						"mirror": false
					},
					{
						"origin": [-6, 3, -7],
						"size": [1, 1, 1],
						"uv": [55, 39],
						"mirror": false
					},
					{
						"origin": [-5, 3, -8],
						"size": [10, 1, 1],
						"uv": [42, 4],
						"mirror": false
					},
					{
						"origin": [7, 3, -5],
						"size": [1, 1, 10],
						"uv": [0, 38],
						"mirror": false
					},
					{
						"origin": [5, 3, -7],
						"size": [1, 1, 1],
						"uv": [55, 39],
						"mirror": false
					},
					{
						"origin": [6, 3, -6],
						"size": [1, 1, 1],
						"uv": [55, 39],
						"mirror": false
					},
					{
						"origin": [5, 3, 6],
						"size": [1, 1, 1],
						"uv": [55, 39],
						"mirror": false
					},
					{
						"origin": [6, 3, 5],
						"size": [1, 1, 1],
						"uv": [55, 39],
						"mirror": false
					},
					{
						"origin": [-5, 4, 8],
						"size": [10, 10, 1],
						"uv": [42, 53],
						"mirror": false
					},
					{
						"origin": [-5, 4, -9],
						"size": [10, 10, 1],
						"uv": [42, 53],
						"mirror": false
					},
					{
						"origin": [8, 4, -5],
						"size": [1, 10, 10],
						"uv": [42, 32],
						"mirror": false
					},
					{
						"origin": [-9, 4, -5],
						"size": [1, 10, 10],
						"uv": [42, 32],
						"mirror": false
					},
					{
						"origin": [-8, 4, 5],
						"size": [1, 10, 1],
						"uv": [60, 31],
						"mirror": false
					},
					{
						"origin": [-7, 4, 6],
						"size": [1, 10, 1],
						"uv": [60, 31],
						"mirror": false
					},
					{
						"origin": [-6, 4, 7],
						"size": [1, 10, 1],
						"uv": [60, 31],
						"mirror": false
					},
					{
						"origin": [5, 4, 7],
						"size": [1, 10, 1],
						"uv": [60, 31],
						"mirror": false
					},
					{
						"origin": [6, 4, 6],
						"size": [1, 10, 1],
						"uv": [60, 31],
						"mirror": false
					},
					{
						"origin": [7, 4, 5],
						"size": [1, 10, 1],
						"uv": [60, 31],
						"mirror": false
					},
					{
						"origin": [7, 4, -6],
						"size": [1, 10, 1],
						"uv": [60, 31],
						"mirror": false
					},
					{
						"origin": [6, 4, -7],
						"size": [1, 10, 1],
						"uv": [60, 31],
						"mirror": false
					},
					{
						"origin": [5, 4, -8],
						"size": [1, 10, 1],
						"uv": [60, 31],
						"mirror": false
					},
					{
						"origin": [-6, 4, -8],
						"size": [1, 10, 1],
						"uv": [60, 31],
						"mirror": false
					},
					{
						"origin": [-7, 4, -7],
						"size": [1, 10, 1],
						"uv": [60, 31],
						"mirror": false
					},
					{
						"origin": [-8, 4, -6],
						"size": [1, 10, 1],
						"uv": [60, 31],
						"mirror": false
					},
					{
						"origin": [-5, 14, -8],
						"size": [10, 1, 1],
						"uv": [42, 2],
						"mirror": false
					},
					{
						"origin": [-5, 14, 7],
						"size": [10, 1, 1],
						"uv": [42, 2],
						"mirror": false
					},
					{
						"origin": [-8, 14, -5],
						"size": [1, 1, 10],
						"uv": [18, 0],
						"mirror": false
					},
					{
						"origin": [7, 14, -5],
						"size": [1, 1, 10],
						"uv": [30, 16],
						"mirror": false
					},
					{
						"origin": [-7, 14, 5],
						"size": [1, 1, 1],
						"uv": [55, 36],
						"mirror": false
					},
					{
						"origin": [-6, 14, 6],
						"size": [1, 1, 1],
						"uv": [55, 36],
						"mirror": false
					},
					{
						"origin": [5, 14, 6],
						"size": [1, 1, 1],
						"uv": [55, 36],
						"mirror": false
					},
					{
						"origin": [6, 14, 5],
						"size": [1, 1, 1],
						"uv": [55, 36],
						"mirror": false
					},
					{
						"origin": [-7, 14, -6],
						"size": [1, 1, 1],
						"uv": [55, 36],
						"mirror": false
					},
					{
						"origin": [-6, 14, -7],
						"size": [1, 1, 1],
						"uv": [55, 36],
						"mirror": false
					},
					{
						"origin": [5, 14, -7],
						"size": [1, 1, 1],
						"uv": [55, 36],
						"mirror": false
					},
					{
						"origin": [6, 14, -6],
						"size": [1, 1, 1],
						"uv": [55, 36],
						"mirror": false
					},
					{
						"origin": [-6, 15, 5],
						"size": [1, 1, 1],
						"uv": [55, 39],
						"mirror": false
					},
					{
						"origin": [-6, 15, -6],
						"size": [1, 1, 1],
						"uv": [55, 39],
						"mirror": false
					},
					{
						"origin": [5, 15, -6],
						"size": [1, 1, 1],
						"uv": [55, 39],
						"mirror": false
					},
					{
						"origin": [5, 15, 5],
						"size": [1, 1, 1],
						"uv": [55, 39],
						"mirror": false
					},
					{
						"origin": [-5, 15, 6],
						"size": [10, 1, 1],
						"uv": [42, 0],
						"mirror": false
					},
					{
						"origin": [-5, 15, -7],
						"size": [10, 1, 1],
						"uv": [42, 0],
						"mirror": false
					},
					{
						"origin": [-7, 15, -5],
						"size": [1, 1, 10],
						"uv": [30, 5],
						"mirror": false
					},
					{
						"origin": [6, 15, -5],
						"size": [1, 1, 10],
						"uv": [30, 5],
						"mirror": false
					},
					{
						"origin": [-6, 16, -5],
						"size": [1, 1, 10],
						"uv": [42, 6],
						"mirror": false
					},
					{
						"origin": [5, 16, -5],
						"size": [1, 1, 10],
						"uv": [42, 6],
						"mirror": false
					},
					{
						"origin": [-5, 1, 5],
						"size": [10, 1, 1],
						"uv": [0, 49],
						"mirror": false
					},
					{
						"origin": [-5, 16, -6],
						"size": [10, 1, 1],
						"uv": [42, 29],
						"mirror": false
					},
					{
						"origin": [-5, 17, -5],
						"size": [10, 1, 10],
						"uv": [0, 53]
					}
				]
			}
		]
	}
}